team,old,new,membership_changed,additions,source,checked_at
LAA,Ben Joyce;Ryan Watson;Luke Murphy,Ben Joyce;Ryan Watson;Tayler Saucedo,True,Tayler Saucedo,https://closermonkey.com/2026/09/04/updated-closer-depth-chart/,2026-09-04T16:42:18.558274+00:00
ARI,Juan Morillo;Brandyn Garcia;Kevin Ginkel,Juan Morillo;Brandyn Garcia;Jonathan Loáisiga,True,Jonathan Loáisiga,https://closermonkey.com/2026/09/04/updated-closer-depth-chart/,2026-09-04T16:42:18.558274+00:00
BAL,Andrew Kittredge;Rico Garcia;Yennier Cano,Andrew Kittredge;Yennier Cano;Rico Garcia,False,,https://closermonkey.com/2026/09/04/updated-closer-depth-chart/,2026-09-04T16:42:18.558274+00:00
BOS,Tyron Guerrero;Aroldis Chapman;Erik Miller,Aroldis Chapman;Garrett Whitlock;Erik Miller,True,Garrett Whitlock,https://closermonkey.com/2026/09/04/updated-closer-depth-chart/,2026-09-04T16:42:18.558274+00:00
CHC,Jacob Webb;Ryan Zeferjahn;Ryan Rolison,Jacob Webb;Daniel Palencia;Ryan Rolison,True,Daniel Palencia,https://closermonkey.com/2026/09/04/updated-closer-depth-chart/,2026-09-04T16:42:18.558274+00:00
CIN,Emilio Pagán;Brock Burke;Pierce Johnson,Emilio Pagán;Brock Burke;Luis Mey,True,Luis Mey,https://closermonkey.com/2026/09/04/updated-closer-depth-chart/,2026-09-04T16:42:18.558274+00:00
CLE,Hunter Gaddis;Cade Smith;Erik Sabrowski,Cade Smith;Hunter Gaddis;Erik Sabrowski,False,,https://closermonkey.com/2026/09/04/updated-closer-depth-chart/,2026-09-04T16:42:18.558274+00:00
COL,Jordan Romano;Brennan Bernardino;Jimmy Herget,Jordan Romano;Brennan Bernardino;Jaden Hill,True,Jaden Hill,https://closermonkey.com/2026/09/04/updated-closer-depth-chart/,2026-09-04T16:42:18.558274+00:00
DET,Tyler Holton;Kenley Jansen;Drew Sommers,Kenley Jansen;Jacob Waguespack;Drew Sommers,True,Jacob Waguespack,https://closermonkey.com/2026/09/04/updated-closer-depth-chart/,2026-09-04T16:42:18.558274+00:00
HOU,Josh Hader;Bryan Abreu;Steven Okert,Josh Hader;Bryan Abreu;Steven Okert,False,,https://closermonkey.com/2026/09/04/updated-closer-depth-chart/,2026-09-04T16:42:18.558274+00:00
KC,Nate Pearson;Steven Cruz;John Schreiber,Steven Cruz;Nate Pearson;Craig Kimbrel,True,Craig Kimbrel,https://closermonkey.com/2026/09/04/updated-closer-depth-chart/,2026-09-04T16:42:18.558274+00:00
LAD,Tanner Scott;Jack Dreyer;Brock Stewart,Tanner Scott;Edgardo Henriquez;Jack Dreyer,True,Edgardo Henriquez,https://closermonkey.com/2026/09/04/updated-closer-depth-chart/,2026-09-04T16:42:18.558274+00:00
WAS,Clayton Beeter;Orlando Ribalta;Erik Tolman,Orlando Ribalta;Erik Tolman;Clayton Beeter,False,,https://closermonkey.com/2026/09/04/updated-closer-depth-chart/,2026-09-04T16:42:18.558274+00:00
NYM,Daniel Duarte;Nate Lavender;Kodai Senga,Kodai Senga;Daniel Duarte;Nate Lavender,False,,https://closermonkey.com/2026/09/04/updated-closer-depth-chart/,2026-09-04T16:42:18.558274+00:00
ATH,Hogan Harris;Elvis Alvarado;Luis Medina,Hogan Harris;Elvis Alvarado;Luis Medina,False,,https://closermonkey.com/2026/09/04/updated-closer-depth-chart/,2026-09-04T16:42:18.558274+00:00
PIT,Mason Montgomery;Gregory Soto;Luke Weaver,Mason Montgomery;Luke Weaver;Gregory Soto,False,,https://closermonkey.com/2026/09/04/updated-closer-depth-chart/,2026-09-04T16:42:18.558274+00:00
SD,Adrian Morejon;Bradgley Rodriguez;Jeremiah Estrada,Mason Miller;Adrian Morejon;Bradgley Rodriguez,True,Mason Miller,https://closermonkey.com/2026/09/04/updated-closer-depth-chart/,2026-09-04T16:42:18.558274+00:00
SEA,Gabe Speier;Andrés Muñoz;Eduard Bazardo,Andrés Muñoz;Eduard Bazardo;Gabe Speier,False,,https://closermonkey.com/2026/09/04/updated-closer-depth-chart/,2026-09-04T16:42:18.558274+00:00
SF,Carson Seymour;Sam Hentges;Dylan Smith,Dylan Smith;Carson Seymour;Jason Foley,True,Jason Foley,https://closermonkey.com/2026/09/04/updated-closer-depth-chart/,2026-09-04T16:42:18.558274+00:00
STL,Ryne Stanek;Riley O'Brien;George Soriano,Riley O'Brien;Ryne Stanek;Luis Gastelum,True,Luis Gastelum,https://closermonkey.com/2026/09/04/updated-closer-depth-chart/,2026-09-04T16:42:18.558274+00:00
TB,Bryan Baker;Kevin Kelly;Tyler Wells,Bryan Baker;Kevin Kelly;Tyler Wells,False,,https://closermonkey.com/2026/09/04/updated-closer-depth-chart/,2026-09-04T16:42:18.558274+00:00
TEX,Jacob Latz;Chase Silseth;Jakob Junis,Jacob Latz;Jakob Junis;Chase Silseth,False,,https://closermonkey.com/2026/09/04/updated-closer-depth-chart/,2026-09-04T16:42:18.558274+00:00
TOR,Tyler Rogers;Louis Varland;Mason Fluharty,Louis Varland;Tyler Rogers;Mason Fluharty,False,,https://closermonkey.com/2026/09/04/updated-closer-depth-chart/,2026-09-04T16:42:18.558274+00:00
MIN,Yoendrys Gómez;Andrew Morris;A.J. Minter,Yoendrys Gómez;Jeff Hoffman;A.J. Minter,True,Jeff Hoffman,https://closermonkey.com/2026/09/04/updated-closer-depth-chart/,2026-09-04T16:42:18.558274+00:00
PHI,Jonathan Bowlan;Orion Kerkering;Jhoan Duran,Jhoan Duran;Jonathan Bowlan;Orion Kerkering,False,,https://closermonkey.com/2026/09/04/updated-closer-depth-chart/,2026-09-04T16:42:18.558274+00:00
ATL,Dylan Lee;Dylan Dodd;Raisel Iglesias,Raisel Iglesias;Didier Fuentes;Dylan Lee,True,Didier Fuentes,https://closermonkey.com/2026/09/04/updated-closer-depth-chart/,2026-09-04T16:42:18.558274+00:00
CHW,Bryan Hudson;Grant Taylor;Sean Newcomb,Grant Taylor;Bryan Hudson;Sean Newcomb,False,,https://closermonkey.com/2026/09/04/updated-closer-depth-chart/,2026-09-04T16:42:18.558274+00:00
MIA,Michael Petersen;Calvin Faucher;Pete Fairbanks,Calvin Faucher;Michael Petersen;Josh Ekness,True,Josh Ekness,https://closermonkey.com/2026/09/04/updated-closer-depth-chart/,2026-09-04T16:42:18.558274+00:00
NYY,Brent Headrick;David Bednar;Paul Blackburn,David Bednar;Paul Blackburn;Brent Headrick,False,,https://closermonkey.com/2026/09/04/updated-closer-depth-chart/,2026-09-04T16:42:18.558274+00:00
MIL,Trevor Megill;Aaron Ashby;Antonio Senzatela,Trevor Megill;Abner Uribe;Aaron Ashby,True,Abner Uribe,https://closermonkey.com/2026/09/04/updated-closer-depth-chart/,2026-09-04T16:42:18.558274+00:00
