outer_fold,calibration,weight_split,inner_fold,train_games,validation_games,train_to,validation_from,validation_to,used,shared_utc_day
1,rows,rows,1,188,186,2024-05-05 18:10:00+00:00,2024-05-05 18:15:00+00:00,2024-05-19 18:20:00+00:00,False,True
1,rows,rows,2,374,186,2024-05-19 18:20:00+00:00,2024-05-19 18:35:00+00:00,2024-06-02 18:20:00+00:00,False,True
1,rows,rows,3,560,186,2024-06-02 18:20:00+00:00,2024-06-02 20:05:00+00:00,2024-06-16 20:10:00+00:00,True,True
1,rows,rows,4,746,186,2024-06-16 20:10:00+00:00,2024-06-16 23:10:00+00:00,2024-06-30 23:10:00+00:00,True,True
1,rows,days,1,195,184,2024-05-05 23:10:00+00:00,2024-05-06 20:05:00+00:00,2024-05-19 23:10:00+00:00,False,False
1,rows,days,2,379,185,2024-05-19 23:10:00+00:00,2024-05-20 16:20:00+00:00,2024-06-02 23:10:00+00:00,False,False
1,rows,days,3,564,183,2024-06-02 23:10:00+00:00,2024-06-03 22:40:00+00:00,2024-06-16 23:10:00+00:00,True,False
1,rows,days,4,747,185,2024-06-16 23:10:00+00:00,2024-06-17 22:40:00+00:00,2024-06-30 23:10:00+00:00,True,False
1,days,rows,1,188,186,2024-05-05 18:10:00+00:00,2024-05-05 18:15:00+00:00,2024-05-19 18:20:00+00:00,False,True
1,days,rows,2,374,186,2024-05-19 18:20:00+00:00,2024-05-19 18:35:00+00:00,2024-06-02 18:20:00+00:00,False,True
1,days,rows,3,560,186,2024-06-02 18:20:00+00:00,2024-06-02 20:05:00+00:00,2024-06-16 20:10:00+00:00,True,True
1,days,rows,4,746,186,2024-06-16 20:10:00+00:00,2024-06-16 23:10:00+00:00,2024-06-30 23:10:00+00:00,True,True
1,days,days,1,195,184,2024-05-05 23:10:00+00:00,2024-05-06 20:05:00+00:00,2024-05-19 23:10:00+00:00,False,False
1,days,days,2,379,185,2024-05-19 23:10:00+00:00,2024-05-20 16:20:00+00:00,2024-06-02 23:10:00+00:00,False,False
1,days,days,3,564,183,2024-06-02 23:10:00+00:00,2024-06-03 22:40:00+00:00,2024-06-16 23:10:00+00:00,True,False
1,days,days,4,747,185,2024-06-16 23:10:00+00:00,2024-06-17 22:40:00+00:00,2024-06-30 23:10:00+00:00,True,False
2,rows,rows,1,418,416,2024-05-22 23:40:00+00:00,2024-05-23 01:40:00+00:00,2024-06-23 18:35:00+00:00,False,False
2,rows,rows,2,834,416,2024-06-23 18:35:00+00:00,2024-06-23 19:10:00+00:00,2024-07-28 18:10:00+00:00,True,True
2,rows,rows,3,1250,416,2024-07-28 18:10:00+00:00,2024-07-28 18:10:00+00:00,2024-08-29 19:10:00+00:00,True,True
2,rows,rows,4,1666,416,2024-08-29 19:10:00+00:00,2024-08-29 19:40:00+00:00,2024-09-29 19:20:00+00:00,True,True
2,rows,days,1,437,407,2024-05-24 23:40:00+00:00,2024-05-25 00:40:00+00:00,2024-06-24 23:45:00+00:00,False,False
2,rows,days,2,844,419,2024-06-24 23:45:00+00:00,2024-06-25 00:10:00+00:00,2024-07-29 23:45:00+00:00,True,False
2,rows,days,3,1263,407,2024-07-29 23:45:00+00:00,2024-07-30 00:10:00+00:00,2024-08-29 23:10:00+00:00,True,False
2,rows,days,4,1670,412,2024-08-29 23:10:00+00:00,2024-08-30 00:10:00+00:00,2024-09-29 19:20:00+00:00,True,False
2,days,rows,1,418,416,2024-05-22 23:40:00+00:00,2024-05-23 01:40:00+00:00,2024-06-23 18:35:00+00:00,False,False
2,days,rows,2,834,416,2024-06-23 18:35:00+00:00,2024-06-23 19:10:00+00:00,2024-07-28 18:10:00+00:00,True,True
2,days,rows,3,1250,416,2024-07-28 18:10:00+00:00,2024-07-28 18:10:00+00:00,2024-08-29 19:10:00+00:00,True,True
2,days,rows,4,1666,416,2024-08-29 19:10:00+00:00,2024-08-29 19:40:00+00:00,2024-09-29 19:20:00+00:00,True,True
2,days,days,1,437,407,2024-05-24 23:40:00+00:00,2024-05-25 00:40:00+00:00,2024-06-24 23:45:00+00:00,False,False
2,days,days,2,844,419,2024-06-24 23:45:00+00:00,2024-06-25 00:10:00+00:00,2024-07-29 23:45:00+00:00,True,False
2,days,days,3,1263,407,2024-07-29 23:45:00+00:00,2024-07-30 00:10:00+00:00,2024-08-29 23:10:00+00:00,True,False
2,days,days,4,1670,412,2024-08-29 23:10:00+00:00,2024-08-30 00:10:00+00:00,2024-09-29 19:20:00+00:00,True,False
3,rows,rows,1,667,665,2024-06-11 23:10:00+00:00,2024-06-11 23:10:00+00:00,2024-08-04 16:05:00+00:00,True,True
3,rows,rows,2,1332,665,2024-08-04 16:05:00+00:00,2024-08-04 17:35:00+00:00,2024-09-23 22:40:00+00:00,True,True
3,rows,rows,3,1997,665,2024-09-23 22:40:00+00:00,2024-09-23 23:07:00+00:00,2025-05-11 00:10:00+00:00,True,True
3,rows,rows,4,2662,665,2025-05-11 00:10:00+00:00,2025-05-11 01:38:00+00:00,2025-06-30 23:35:00+00:00,True,True
3,rows,days,1,670,679,2024-06-11 23:45:00+00:00,2024-06-12 00:10:00+00:00,2024-08-05 22:45:00+00:00,True,False
3,rows,days,2,1349,676,2024-08-05 22:45:00+00:00,2024-08-06 00:05:00+00:00,2024-09-25 23:40:00+00:00,True,False
3,rows,days,3,2025,635,2024-09-25 23:40:00+00:00,2024-09-26 00:40:00+00:00,2025-05-10 23:15:00+00:00,True,False
3,rows,days,4,2660,667,2025-05-10 23:15:00+00:00,2025-05-11 00:10:00+00:00,2025-06-30 23:35:00+00:00,True,False
3,days,rows,1,667,665,2024-06-11 23:10:00+00:00,2024-06-11 23:10:00+00:00,2024-08-04 16:05:00+00:00,True,True
3,days,rows,2,1332,665,2024-08-04 16:05:00+00:00,2024-08-04 17:35:00+00:00,2024-09-23 22:40:00+00:00,True,True
3,days,rows,3,1997,665,2024-09-23 22:40:00+00:00,2024-09-23 23:07:00+00:00,2025-05-11 00:10:00+00:00,True,True
3,days,rows,4,2662,665,2025-05-11 00:10:00+00:00,2025-05-11 01:38:00+00:00,2025-06-30 23:35:00+00:00,True,True
3,days,days,1,670,679,2024-06-11 23:45:00+00:00,2024-06-12 00:10:00+00:00,2024-08-05 22:45:00+00:00,True,False
3,days,days,2,1349,676,2024-08-05 22:45:00+00:00,2024-08-06 00:05:00+00:00,2024-09-25 23:40:00+00:00,True,False
3,days,days,3,2025,635,2024-09-25 23:40:00+00:00,2024-09-26 00:40:00+00:00,2025-05-10 23:15:00+00:00,True,False
3,days,days,4,2660,667,2025-05-10 23:15:00+00:00,2025-05-11 00:10:00+00:00,2025-06-30 23:35:00+00:00,True,False
